Program	Topic	Episode	Irish	Meaning	s/p	Literal	Phonetic
Giota Beag - Series 1	How are you?	1	giota beag	a little bit			gitta big
Giota Beag - Series 1	How are you?	1	Fáilte!	Welcome!			
Giota Beag - Series 1	How are you?	1	Éist!	Listen!			
Giota Beag - Series 1	How are you?	1	céad míle fáilte	Hundred thousand welcomes			
Giota Beag - Series 1	How are you?	1	Is mise ...	I am ...			
Giota Beag - Series 1	How are you?	1	Is mise Róisín	I am Róisín			
Giota Beag - Series 1	How are you?	1	Cad é mar atá tú?	Hello How are you?			
Giota Beag - Series 1	How are you?	1	Cad é mar atá Colm?	How's Colm?			
Giota Beag - Series 1	How are you?	1	Tá mé go maith!	I'm well/good!Taa may go mye!			
Giota Beag - Series 1	How are you?	1	Agus tú féin?	And yourself?			Agus tu hain?
Giota Beag - Series 1	How are you?	1	Go maith	Well			
Giota Beag - Series 1	How are you?	1	Slán!	Bye!			
Giota Beag - Series 1	How are you?	1	Dia duit	Hello			
Giota Beag - Series 1	How are you?	1	> Dia is Muire duit!	Hello to you too			
Giota Beag - Series 1	How are you?	1	Tá fáilte romhat	you're welcome			
Giota Beag - Series 1	How are you?	1	Fáilte go Giota Beag	Welcome to Giota Beag			
Giota Beag - Series 1	A cup of coffee please!	2	go raibh maith agat	Thank you/thanks			
Giota Beag - Series 1	A cup of coffee please!	2	le do thoil	please			
Giota Beag - Series 1	A cup of coffee please!	2	tae	tea			
Giota Beag - Series 1	A cup of coffee please!	2	caifé	coffee			
Giota Beag - Series 1	A cup of coffee please!	2	cupán tae	a cup of tea			
Giota Beag - Series 1	A cup of coffee please!	2	Cupán caifé	a cup of coffee			
Giota Beag - Series 1	A cup of coffee please!	2	Cupán caifé le do thoil	a cup of coffee please			
Giota Beag - Series 1	A cup of coffee please!	2	Tá sé...	it is...			taa shay
Giota Beag - Series 1	A cup of coffee please!	2	fuar	cold			
Giota Beag - Series 1	A cup of coffee please!	2	fliuch	wet			
Giota Beag - Series 1	A cup of coffee please!	2	te	hot			chay
Giota Beag - Series 1	A cup of coffee please!	2	+ gaofar	windy			gayfor?
Giota Beag - Series 1	A cup of coffee please!	2	iontach	extremely / very			inta?
Giota Beag - Series 1	A cup of coffee please!	2	iontach fuar	very cold			
Giota Beag - Series 1	A cup of coffee please!	2	iontach fliuch	very wet			flyuach??
Giota Beag - Series 1	A cup of coffee please!	2	iontach te	very hot			ta shay chay
Giota Beag - Series 1	A cup of coffee please!	2	tá sé i Srón Ramhar	He is in Srón Ramhar / Stranraer			
Giota Beag - Series 1	A cup of coffee please!	2	anois	now			
Giota Beag - Series 1	A cup of coffee please!	2	is maith sin!	that's good! (smashing!)			is maoy shin
Giota Beag - Series 1	A cup of coffee please!	2	tá	Yes [to agree with the weather]			
Giota Beag - Series 1	I like shopping!	3	Tá mé i mo chónaí	I live			ta may mo howney
Giota Beag - Series 1	I like shopping!	3	Tá mé ag obair	I am working			
Giota Beag - Series 1	I like shopping!	3	i mBéal Feirste in Béal Feirste	Belfast			
Giota Beag - Series 1	I like shopping!	3	siopadóireacht	shopping			
Giota Beag - Series 1	I like shopping!	3	sacar	soccer			
Giota Beag - Series 1	I like shopping!	3	Is maith liom ...	I like ...			
Giota Beag - Series 1	I like shopping!	3	Is maith liom sacar	I like soccer			
Giota Beag - Series 1	I like shopping!	3	agus	and			
Giota Beag - Series 1	I like shopping!	3	pósta	married			
Giota Beag - Series 1	I like shopping!	3	Tá mé pósta	I'm married			
Giota Beag - Series 1	I like shopping!	3	Níl mé pósta	I'm not married			
Giota Beag - Series 1	I like shopping!	3	mac	son			
Giota Beag - Series 1	I like shopping!	3	iníon	daughter			nying
Giota Beag - Series 1	I like shopping!	3	Tá mac agam	I have a son			
Giota Beag - Series 1	I like shopping!	3	Tá mac agus iníon agam	I have a son and a daughter			
Giota Beag - Series 1	I like shopping!	3	Oíche mhaith	Good night			e-ha why
Giota Beag - Series 1	Would you like a biscuit?	4	ar mhaith leat...?	Would you like...?			air why lat?
Giota Beag - Series 1	Would you like a biscuit?	4	Ba mhaith	Yes [in terms of above]			ba why
Giota Beag - Series 1	Would you like a biscuit?	4	níor mhaith	No [in terms of above]			nior why
Giota Beag - Series 1	Would you like a biscuit?	4	ba mhaith liom	I would like			
Giota Beag - Series 1	Would you like a biscuit?	4	níor mhaith liom	I wouldn't like			
Giota Beag - Series 1	Would you like a biscuit?	4	siúcra	sugar			
Giota Beag - Series 1	Would you like a biscuit?	4	bainne	milk			
Giota Beag - Series 1	Would you like a biscuit?	4	briosca	a biscuit			briska
Giota Beag - Series 1	Would you like a biscuit?	4	ádh mór ort	good luck			???
Giota Beag - Series 1	Wait a minute	5	gabh mo leithscéal	Excuse me			go ma layskul
Giota Beag - Series 1	Wait a minute	5	leithreas	toilet			laychras
Giota Beag - Series 1	Wait a minute	5	cá bhfuil...?	Where is...?			
Giota Beag - Series 1	Wait a minute	5	cá bhfuil an bainne?	Where is the milk?			
Giota Beag - Series 1	Wait a minute	5	cá bhfuil an siúcra?	Where is the sugar?			
Giota Beag - Series 1	Wait a minute	5	cá bhfuil an leithreas?	Where is the toilet?			
Giota Beag - Series 1	Wait a minute	5	cá bhfuil Úna?	Where is Úna?			
Giota Beag - Series 1	Wait a minute	5	níl a fhios agam	I don't know			neil us agam
Giota Beag - Series 1	Wait a minute	5	cá bhfuil sí?	Where is she?			
Giota Beag - Series 1	Wait a minute	5	cá bhfuil sé?	Where is he?			
Giota Beag - Series 1	Wait a minute	5	cá bhfuil siad?	Where are they?			
Giota Beag - Series 1	Wait a minute	5	cad é mar atá Úna?	How is Úna?			
Giota Beag - Series 1	Wait a minute	5	tá sé go maith	He is well			
Giota Beag - Series 1	Wait a minute	5	tá sí go maith	She is well			
Giota Beag - Series 1	Wait a minute	5	tá siad go maith	They are well			
Giota Beag - Series 1	Wait a minute	5	sa	in the			
Giota Beag - Series 1	Wait a minute	5	sa chuisneoir	in the fridge			
Giota Beag - Series 1	Wait a minute	5	ar an	on the			
Giota Beag - Series 1	Wait a minute	5	ar an tábla	on the table			
Giota Beag - Series 1	Wait a minute	5	thart an coirnéal	around the corner			hort an cornyal
Giota Beag - Series 1	Wait a minute	5	bomaite	a minute			
Giota Beag - Series 1	Wait a minute	5	fan bomaite	wait a minute			
Giota Beag - Series 1	Wait a minute	5	tá sé ar an tábla	it is on the table			
Giota Beag - Series 1	Wait a minute	5	An bhfuil sé ar an tábla?	Is it on the table?			
Giota Beag - Series 1	Take it easy!	6	NUMBERS				
Giota Beag - Series 1	Take it easy!	6	+Náid	zero			
Giota Beag - Series 1	Take it easy!	6	aon	one			
Giota Beag - Series 1	Take it easy!	6	dó	two			
Giota Beag - Series 1	Take it easy!	6	trí	three			
Giota Beag - Series 1	Take it easy!	6	ceathair	four			
Giota Beag - Series 1	Take it easy!	6	cúig	five			
Giota Beag - Series 1	Take it easy!	6	sé	six			
Giota Beag - Series 1	Take it easy!	6	seacht	seven			
Giota Beag - Series 1	Take it easy!	6	hocht	eight			
Giota Beag - Series 1	Take it easy!	6	naoi	nine			
Giota Beag - Series 1	Take it easy!	6	deich	ten			
Giota Beag - Series 1	Take it easy!	6	aondéag	eleven			
Giota Beag - Series 1	Take it easy!	6	dó dhéag	twelve			doe yeag
Giota Beag - Series 1	Take it easy!	6	+trí déag	thirteen			
Giota Beag - Series 1	Take it easy!	6	+ceathair déag	fourteen			
Giota Beag - Series 1	Take it easy!	6	+cúig déag	fifteen			
Giota Beag - Series 1	Take it easy!	6	+sé déag	sixteen			
Giota Beag - Series 1	Take it easy!	6	+seacht déag	seventeen			
Giota Beag - Series 1	Take it easy!	6	+hocht déag	eighteen			
Giota Beag - Series 1	Take it easy!	6	+naoi déag	nineteen			
Giota Beag - Series 1	Take it easy!	6	+fiche	twenty			fihha
Giota Beag - Series 1	Take it easy!	6	+fiche aon?	twenty one			fihha aon
Giota Beag - Series 1	Take it easy!	6	...				
Giota Beag - Series 1	Take it easy!	6	+triocha	thirty			truck-ah
Giota Beag - Series 1	Take it easy!	6	+daichead	forty			die-hid/dah-hid
Giota Beag - Series 1	Take it easy!	6	+caoga	fifty			cway-gah
Giota Beag - Series 1	Take it easy!	6	+seasca	sixty			shahs-kah
Giota Beag - Series 1	Take it easy!	6	+seachtó	seventy			shock toe
Giota Beag - Series 1	Take it easy!	6	+ochtó	eighty			uck toe
Giota Beag - Series 1	Take it easy!	6	+nócha	ninety			noe-kah
Giota Beag - Series 1	Take it easy!	6	+céad	hundred			cay-d
Giota Beag - Series 1	Take it easy!	6					
Giota Beag - Series 1	Take it easy!	6	rang	class (or primary)			
Giota Beag - Series 1	Take it easy!	6	rang a sé	class (or primary) six/sixth class			
Giota Beag - Series 1	Take it easy!	6	clár	programme			
Giota Beag - Series 1	Take it easy!	6	clár a sé	programme six			
Giota Beag - Series 1	Take it easy!	6	seomra	room			
Giota Beag - Series 1	Take it easy!	6	seomra a sé	room six			
Giota Beag - Series 1	Take it easy!	6	cá bhfuil seomra a hocht?	where is room eight?			
Giota Beag - Series 1	Take it easy!	6	tóg go bog é!	take it easy			toag go boag ay
Giota Beag - Series 1	Take it easy!	6					
Giota Beag - Series 1	Take it easy!	6	tá sé fuar	It is cold			
Giota Beag - Series 1	Take it easy!	6	An bhfuil sé fuar	Is it cold?			
Giota Beag - Series 1	Take it easy!	7	a haon a chlog	one o' clock			
Giota Beag - Series 1	Take it easy!	7	tá sé a haon a chlog	it's one o' clock			
Giota Beag - Series 1	Take it easy!	7	ceathrú i ndiaidh	a quarter past			ceahroo i nyay
Giota Beag - Series 1	Take it easy!	7	ceathrú i ndiaidh a haon	a quarter past one			
Giota Beag - Series 1	Take it easy!	7	leath i ndiaidh	half past			la i nyay
Giota Beag - Series 1	Take it easy!	7	leath i ndiaidh a haon	half past one			la i nyay
Giota Beag - Series 1	Take it easy!	7	Dean deifir.	Hurry up.			Jan jeffer
Giota Beag - Series 1	Take it easy!	7	Tá muid mall	We're late			
Giota Beag - Series 1	Take it easy!	7	Dean deifir. Tá muid mall	Hurry up. We're late			
Giota Beag - Series 1	Take it easy!	7	Cén t-am é?	What time is it?			
Giota Beag - Series 1	Take it easy!	7	Cén t-am?	What time?			
Giota Beag - Series 1	Take it easy!	7	ban	white			buan
Giota Beag - Series 1	Take it easy!	7	buí	yellow			bwee
Giota Beag - Series 1	Take it easy!	7	glas	green			
Giota Beag - Series 1	Take it easy!	7	gorm	blue			gorim??
Giota Beag - Series 1	Take it easy!	7	dubh	black			doo??
Giota Beag - Series 1	Days of the week	8	ceathrú go dtí	a quarter to			ceahroo go gee
Giota Beag - Series 1	Days of the week	8	tá sé ceathrú go dtí	it's a quarter to			
Giota Beag - Series 1	Days of the week	8	ar a seacht a chlog	at 7 o'clock			
Giota Beag - Series 1	Days of the week	8	ar ceathrú go dtí a (seacht)	at a quarter to (seven)			
Giota Beag - Series 1	Days of the week	8	ar leath I ndiaidh	at half past			
Giota Beag - Series 1	Days of the week	8					
Giota Beag - Series 1	Days of the week	8	Dé Luain	Monday			je luan
Giota Beag - Series 1	Days of the week	8	Dé Máirt	Tuesday			je mwarch
Giota Beag - Series 1	Days of the week	8	Dé Céadaoin	Wednesday			je ceadine
Giota Beag - Series 1	Days of the week	8	Déardaoin	Thursday			jeardine
Giota Beag - Series 1	Days of the week	8	Dé hAoine	Friday			je heanya
Giota Beag - Series 1	Days of the week	8	Dé Sathairn	Saturday			je sahern
Giota Beag - Series 1	Days of the week	8	Dé Domhnaigh	Sunday			je doughny
Giota Beag - Series 1	Days of the week	8					
Giota Beag - Series 1	Days of the week	8	beidh ceilí ann	there will be a ceili			
Giota Beag - Series 1	Days of the week	8	beidh diosco ann Dé Máirt	there will be a disco on Tuesday			
Giota Beag - Series 1	Days of the week	8	beidh Blas ann	Blas will be on			
Giota Beag - Series 1	Days of the week	8	ar leath i ndiaidh a seacht	at half past seven			
Giota Beag - Series 1	Days of the week	8	ar a seacht a chlog go dtí a hocht a chlog	at 7 o'clock to 8 o'clock			???may not be right
Giota Beag - Series 1	Days of the week	8					
Giota Beag - Series 1	Days of the week	8	rua	red haired			
Giota Beag - Series 1	Days of the week	8	fionn	fair haired			
Giota Beag - Series 1	Days of the week	8					
Giota Beag - Series 1	Days of the week	8	sláinte!	cheers!			
Giota Beag - Series 1	Today, tomorrow yesterday	9	Tá Blas ann	Blas is on (at this minute)			
Giota Beag - Series 1	Today, tomorrow yesterday	9	bhí Blas ann	Blas was on			vee Blas on
Giota Beag - Series 1	Today, tomorrow yesterday	9	beidh Blas ann	Blas will be on			bay Blas on
Giota Beag - Series 1	Today, tomorrow yesterday	9	inné	yesterday			in-ay
Giota Beag - Series 1	Today, tomorrow yesterday	9	aréir	last night			a-rare
Giota Beag - Series 1	Today, tomorrow yesterday	9	inniu	today			in-u
Giota Beag - Series 1	Today, tomorrow yesterday	9	anocht	tonight			anokt
Giota Beag - Series 1	Today, tomorrow yesterday	9	amárach	tomorrow			amwarach
Giota Beag - Series 1	Today, tomorrow yesterday	9	bhí Blas ann inné	Blas was on yesterday			
Giota Beag - Series 1	Today, tomorrow yesterday	9	maith go leor	alright/okay			my go lyor
Giota Beag - Series 1	Phone calls	10	guthán	phone			guhan
Giota Beag - Series 1	Phone calls	10	uimhir	number			ever
Giota Beag - Series 1	Phone calls	10	uimhir ghutháin	phone number			ever goohan??
Giota Beag - Series 1	Phone calls	10	Cad é an uimhir ghutháin atá agat?	what's your phone number?			
Giota Beag - Series 1	Phone calls	10	scairt ghutháin	phone call			
Giota Beag - Series 1	Phone calls	10	cuir scairt ghutháin orm	phone me			koor scart..
Giota Beag - Series 1	Phone calls	10	ba mhaith liom labhairt le ...	I'd like to speak to ...			ba why lum lortch le
Giota Beag - Series 1	Phone calls	10	Cé atá ag caint?	who's speaking?			
Giota Beag - Series 1	Phone calls	10					
Giota Beag - Series 1	Phone calls	10	MUSICAL INSTRUMENTS				
Giota Beag - Series 1	Phone calls	10	bodhrán	bodhran			boaran
Giota Beag - Series 1	Phone calls	10	píb uillinn	uillean pipes			peeb illan
Giota Beag - Series 1	Phone calls	10	bosca ceoil	squeeze box			boxa ceoil
Giota Beag - Series 1	Phone calls	10	feadóg	whistle			faadag
Giota Beag - Series 1	Phone calls	10	feadóg mhór	flute			faadag wore (big whistle)
Giota Beag - Series 1	Phone calls	10					
Giota Beag - Series 1	Phone calls	10	maith thú	good on you/well done			
Giota Beag - Series 1	Orders	11	Tar isteach	come in			
Giota Beag - Series 1	Orders	11	doras	door			
Giota Beag - Series 1	Orders	11	fuinneog	window			fuinyug??
Giota Beag - Series 1	Orders	11	Druid an doras	close the door			
Giota Beag - Series 1	Orders	11	Oscail an doras	open the door			
Giota Beag - Series 1	Orders	11	Druid an fhuinneog	close the window			inyug??
Giota Beag - Series 1	Orders	11	Oscail an fhuinneog	open the window			
Giota Beag - Series 1	Orders	11	Suígh síos	sit down			see shees
Giota Beag - Series 1	Orders	11	Bí maith	be good			
Giota Beag - Series 1	Orders	11	Bí ciúin	be quiet			
Giota Beag - Series 1	Orders	11	Bí cúramach	be careful			
Giota Beag - Series 1	Orders	11	Ná tar isteach	don't come in			
Giota Beag - Series 1	Orders	11	Ná druid an doras	don't close the door			
Giota Beag - Series 1	Orders	11	Ná habair sin	don't say that			
Giota Beag - Series 1	Shopping	12	pionta	a pint			punta/pinta?
Giota Beag - Series 1	Shopping	12	pionta bainne	a pint of milk			punta/pinta? bawnya
Giota Beag - Series 1	Shopping	12	Builín	a loaf			boolyeen
Giota Beag - Series 1	Shopping	12	Builín arán	a loaf of bread			boolyeen aran
Giota Beag - Series 1	Shopping	12	Stampa	a stamp			
Giota Beag - Series 1	Shopping	12	Punt	a pound			
Giota Beag - Series 1	Shopping	12	pingin	pence			
Giota Beag - Series 1	Shopping	12	Fiche pingin	twenty pence			ping
Giota Beag - Series 1	Shopping	12	Caoga pingin	fifty pence			ping
Giota Beag - Series 1	Shopping	12	Seo duit	here you are			shaw ditch
Giota Beag - Series 1	Shopping	12	Cad é a ba mhaith leat?	What would you like?			
Giota Beag - Series 1	Shopping	12	Cá mhéad atá ar sin?	How much is that?			
Giota Beag - Series 1	Shopping	12	Ní thuigim	I don't understand			
Giota Beag - Series 1	Going places	13	Cá bhfuil tú ag dul?	Where are you going?			
Giota Beag - Series 1	Going places	13	an siopa	the shop			
Giota Beag - Series 1	Going places	13	an banc	the bank			
Giota Beag - Series 1	Going places	13	an leabharlann	the library			
Giota Beag - Series 1	Going places	13	an linn snámha	the swimming pool			
Giota Beag - Series 1	Going places	13	an cluiche peile	the football match			
Giota Beag - Series 1	Going places	13	Tá mé ag dul go dtí ...	I'm going to ...			
Giota Beag - Series 1	Going places	13	Tá mé ag dul go dtí an siopa	I'm going to the shop			
Giota Beag - Series 1	Going places	13	Tá mé ag dul go dtí an banc	I'm going to the bank			
Giota Beag - Series 1	Going places	13	Tuigim	I do understand			
Giota Beag - Series 1	Going places	13	An dtuigeann tú?	Do you understand?			
Giota Beag - Series 1	Going places	13	Le Bríd	with Bríd			
Giota Beag - Series 1	In the pub	14	Tá tú ag dul ...	You are going ...			
Giota Beag - Series 1	In the pub	14	Tá sé/sí ag dul ...	He/she is going ...			
Giota Beag - Series 1	In the pub	14	Tá muid/sibh/siad ...	We/you plural/they are ...			
Giota Beag - Series 1	In the pub	14	an teach tabhairne	The pub			
Giota Beag - Series 1	In the pub	14	cad é ba mhaith leat le hól?	What would you like to drink?			
Giota Beag - Series 1	In the pub	14	pionta	a pint			
Giota Beag - Series 1	In the pub	14	gloine	a glass			
Giota Beag - Series 1	In the pub	14	uisce	water			
Giota Beag - Series 1	In the pub	14	fíona	wine			
Giota Beag - Series 1	In the pub	14	gloine uisce	a glass of water			
Giota Beag - Series 1	In the pub	14	glione fíona	a glass of wine			
Giota Beag - Series 1	In the pub	14	ba mhaith leat pionta, le do thoil	What would you like to drink?			
Giota Beag - Series 1	In the pub	14	fosta	also/as well			
Giota Beag - Series 1	In the pub	14	Lá Fhéile Bríde	St. Brigid's Day			
Giota Beag - Series 1	In the pub	14	Lúnasa	August			
Giota Beag - Series 1	In the pub	14	Samhain	November			
Giota Beag - Series 1	In the pub	14	Go ndéana a mhaith duit	you're welcome/may it do you good/don't mention it			
Giota Beag - Series 1	The pub	15	Is mise ...	I am ....			
Giota Beag - Series 1	The pub	15	Cad é mar atá tú?	How are you?			
Giota Beag - Series 1	The pub	15	Tá mé go maith, go raibh maith agat	I'm fine, thank you.			
Giota Beag - Series 1	The pub	15	Is maith liom ...	I like ...			
Giota Beag - Series 1	The pub	15	Ar mhaith leat cupán caife?	Would you like a cup of coffee?			
Giota Beag - Series 1	The pub	15	Gabh mo leithscéal	Excuse me			
Giota Beag - Series 1	The pub	15	Cén t-am é?	What time is it?			
Giota Beag - Series 1	The pub	15	Déan deifir	Hurry up			
Giota Beag - Series 1	The pub	15	Cé mhéid atá ar sin?	How much is that?			
Giota Beag - Series 1	The pub	15	Is maith sin	That's great			
Giota Beag - Series 1	The pub	15	Oíche mhaith	Good night			
Giota Beag - Series 1	The pub	15	ádh mór ort	good luck			???
Giota Beag - Series 1	The pub	15	Fan bomaite	Wait a minute			
Giota Beag - Series 1	The pub	15	Tóg go bog é	Take it easy			
Giota Beag - Series 1	The pub	15	Sláinte	cheers			
Giota Beag - Series 1	The pub	15	Maith go leor	Alright			
Giota Beag - Series 2	1	1	Giota beag eile	Another little bit			
Giota Beag - Series 2	1	1	Cupán eile	Another cup			
Giota Beag - Series 2	1	1	Ar mhaith leat	Would you like?			
Giota Beag - Series 2	1	1	Ba mhaith liom	I would like			
Giota Beag - Series 2	1	1	Níor mhaith liom	I wouldn't like			
Giota Beag - Series 2	1	1	Ba mhaith liom dul go dtí	I would like to go to			
Giota Beag - Series 2	1	1	Liom, leat, leis, lei	With me, with you, with him, with her			
Giota Beag - Series 2	2	2	An bhfuil Spáinnis agat?	Have you got Spanish?			
Giota Beag - Series 2	2	2	Tá carr agam	I have a car			
Giota Beag - Series 2	2	2	An bhfuil carr nua agat?	Do you have a new car?			
Giota Beag - Series 2	2	2	An bhfuil bomaite agat?	Have you got a minute?			
Giota Beag - Series 2	2	2	Tá coinne agam.	I have an appointment.			
Giota Beag - Series 2	2	2	An bhfuil Fraincis agat?	Do you have French?			
Giota Beag - Series 2	2	2	Tá Spáinnis agus Fraincis aige	He has Spanish and French.			
Giota Beag - Series 2	2	2	Tús maith leath na hoibre.	A good start is half the work.			
Giota Beag - Series 2	3	3	Laethannta saoire	Holidays			lehanta seera
Giota Beag - Series 2	3	3	Cá raibh tú ar laethannta saoire?	Where were you on holidays?			
Giota Beag - Series 2	3	3	Bhí mé sa Spáinn, ar feadh seachtaine.	I was in Spain, for a week.			
Giota Beag - Series 2	3	3	Bhí mé i nGaillimh, ar feadh coicíse.	I was in Galway, for a fortnight.			
Giota Beag - Series 2	3	3	Bhí sé iontach te.	It was very hot.			
Giota Beag - Series 2	3	3	Bhí sé fuar.	It was cold.			
Giota Beag - Series 2	3	3	an aimsir	the weather			
Giota Beag - Series 2	3	3	Bhí an aimsir ar fheabhas.	The weather was brilliant.			
Giota Beag - Series 2	3	3	Tá sé ag éirí fuar.	It's getting cold.			
Giota Beag - Series 2	3	3	galanta	beautiful			
Giota Beag - Series 2	3	3	Bhí an aimsir galanta.	The weather was beautiful.			
Giota Beag - Series 2	4	4	Ar bhain tú sult as?	Did you enjoy it?			
Giota Beag - Series 2	4	4	Bhain mé sult as.	I enjoyed it.			
Giota Beag - Series 2	4	4	Bhí mé ag siúl, ar an trá.	I was walking on the beach.			
Giota Beag - Series 2	4	4	Bhí muid ag siúl.	We were walking.			
Giota Beag - Series 2	4	4	Bhí muid ag snámh.	We were swimming.			
Giota Beag - Series 2	4	4	Bhí muid ag ithe achan lá.	We were eating every day.			
Giota Beag - Series 2	4	4	Bhí muid ag ól achan oíche.	We were drinking every night.			
Giota Beag - Series 2	4	4	Bhí mé ag caint le Colm.	I was talking to Colm.			
Giota Beag - Series 2	4	4	Bhí mé ag caint leis.	I was talking to him.			
Giota Beag - Series 2	5	5	Múscail ar a seacht a chlog	Wake up at seven a clock			
Giota Beag - Series 2	5	5	Ith banana agus úll	Eat a banana and an apple			
Giota Beag - Series 2	5	5	Ól gloine uisce	Drink a glass of water			
Giota Beag - Series 2	5	5	Siúil go dtí an siopa	Walk to the shop			
Giota Beag - Series 2	5	5	Ceannaigh an nuachtán	Buy the newspaper			
Giota Beag - Series 2	5	5	Suigh sios	Sit down			
Giota Beag - Series 2	5	5	Leigh an nuachtán	Read the newspaper			
Giota Beag - Series 2	5	5	Amharc ar an teilifís	Watch the television			
Giota Beag - Series 2	5	5	Éist le Giota Beag Eile	Listen to Giota Beag Eile			
Giota Beag - Series 2	5	5	Foghlaim Gaeilge	Learn Irish			
Giota Beag - Series 2	6	6	Bhain mé sult as an lá	I enjoyed the day			
Giota Beag - Series 2	6	6	Mhúscail mé ar a seacht a chlog	I woke at seven o'clock			
Giota Beag - Series 2	6	6	D'ith mé banana agus úll	I ate a banana and an apple			
Giota Beag - Series 2	6	6	Dól mé gloine uisce	I drank a glass of water			
Giota Beag - Series 2	6	6	Shiúil mé go dtí an siopa	I walked to the shop			
Giota Beag - Series 2	6	6	Cheannaigh mé an nuachtán	I bought the newspaper			
Giota Beag - Series 2	6	6	Shuigh mé síos	I sat down			
Giota Beag - Series 2	6	6	Leigh mé an nuachtán	I read the newspaper			
Giota Beag - Series 2	6	6	D'amharc mé ar an teilifís	I watched the television			
Giota Beag - Series 2	6	6	D'éist mé le Giota Beag Eile	I listened to Giota Beag Eile			
Giota Beag - Series 2	6	6	D'fhoghlaim mé Gaeilge	I learnt Irish			
Giota Beag - Series 2	6	6	D'fhoghlaim mé níos mó Gaeilge	I learnt more Irish			
Giota Beag - Series 2	6	6	B'fhéidir	Maybe			
Giota Beag - Series 2	7	7	Tuilleadh ar an aimsir chaite	More on the past tense			
Giota Beag - Series 2	7	7	Níor mhúscail mé ar a seacht a chlog	I didn't wake up at seven o'clock			
Giota Beag - Series 2	7	7	Níor shiúil mé go dtí an siopa	I didn't walk to the shop			
Giota Beag - Series 2	7	7	Níor cheannaigh mé an nuachtán	I didn't buy the newspaper			
Giota Beag - Series 2	7	7	Níor bhain mé sult as an lá	I didn't enjoy the day			
Giota Beag - Series 2	7	7	D'ith mé banana agus úll	I ate a banana and an apple			
Giota Beag - Series 2	7	7	D'amharc mé ar an teilifís	I watched the television			
Giota Beag - Series 2	7	7	D'éist mé le Giota Beag Eile	I listened to Giota Beag Eile			
Giota Beag - Series 2	7	7	Níor amharc mé ar an teilifís	I didn't watch the television			
Giota Beag - Series 2	7	7	Níor éist mé le Giota Beag Eile	I didn't listen to Giota Beag Eile			
Giota Beag - Series 2	7	7	Imigh leat!	Away with you!			
Giota Beag - Series 2	8	8	Mothúcháin	Emotions			
Giota Beag - Series 2	8	8	Tá tuirse orm	I'm tired			
Giota Beag - Series 2	8	8	Tá ocras orm	Im hungry			
Giota Beag - Series 2	8	8	Tá tuirse orm mar ...	I'm tired because ...			
Giota Beag - Series 2	8	8	Níl ocras orm mar ...	I'm not hungry because ...			
Giota Beag - Series 2	8	8	Tá tuirse orm mar mhúscail mé ar a sé a chlog	I'm tired because I woke at six o'clock			
Giota Beag - Series 2	8	8	Tá ocras orm mar níor ith mé mo bhricfeasta	I'm hungry because I didnt eat my breakfast			
Giota Beag - Series 2	8	8	Tá áthas orm	I'm happy			
Giota Beag - Series 2	8	8	Tá brón orm	I'm sad or sorry			
Giota Beag - Series 2	8	8	Fuair sé bás	He died			
Giota Beag - Series 2	8	8	Tá brón orm mar fuair sé bás	I'm sad because he died			
Giota Beag - Series 2	8	8	Tá fearg orm	I'm angry			
Giota Beag - Series 2	8	8	Tá iontas orm	I'm surprised			
Giota Beag - Series 2	8	8	Cad é atá ort?	What's wrong with you?			
Giota Beag - Series 2	8	8	Tá fearg orm mar mhúscail an guthán mé.	I'm angry because the phone woke me.			
Giota Beag - Series 2	8	8	Cheannaigh sé bláthanna	He bought flowers			
Giota Beag - Series 2	9	9	Tinneas	Sickness			
Giota Beag - Series 2	9	9	Cad é atá ort?	What's wrong with you?			
Giota Beag - Series 2	9	9	Tá tinneas orm	I'm sick			
Giota Beag - Series 2	9	9	Tá mé go measartha	I'm not too bad			
Giota Beag - Series 2	9	9	Tá slaghdán orm	I have a cold			
Giota Beag - Series 2	9	9	Tá tinneas cinn orm	I have a headache			
Giota Beag - Series 2	9	9	Tá tinneas goile orm fosta	I also have a stomach ache			
Giota Beag - Series 2	9	9	Tinneas fiacaile	Toothache			
Giota Beag - Series 2	9	9	Tá biseach orm	I'm better			
Giota Beag - Series 2	9	9	Orm, ort, air, uirthi	On me, on you, on him, on her			
Giota Beag - Series 2	9	9	Tá drochspionn orm	I'm not in great form			
Giota Beag - Series 2	9	9	Tá spionn mhaith orm	I'm in great form			
Giota Beag - Series 2	9	9	Tá mé buartha	I'm sorry/I'm worried			
Giota Beag - Series 2	10	10	Bhí mo bhreithlá ann Dé hAoine	It was my birthday on Friday			
Giota Beag - Series 2	10	10	Fuair mé cárta agus fuair mé bronntanas	I got a card and I got a present			
Giota Beag - Series 2	10	10	Fuair mé geansaí nua	I got a new jumper			
Giota Beag - Series 2	10	10	Fuair mé leabhar nua	I got a new book			
Giota Beag - Series 2	10	10	Fuair me leabhar úr fosta	I also got a new book			
Giota Beag - Series 2	10	10	Chuaigh muid go dtí an bhialann ar dtús	We went to the restaurant first			
Giota Beag - Series 2	10	10	Chuaigh muid go dtí an phictiúrlann ina dhiaidh sin	We went to the cinema afterwards			
Giota Beag - Series 2	10	10	Ar dtús chuaigh muid go dtí an phictiúrlann	Firstly, we went to the cinema			
Giota Beag - Series 2	10	10	Rinne mé an dinnéar. Rinne mé pizza	I made the dinner. I made pizza			
Giota Beag - Series 2	10	10	Rinne mé an dinnéar Dé Satharn	I made the dinner on Saturday			
Giota Beag - Series 2	10	10	Rinne mé an dinnéar aréir	I made the dinner last night			
Giota Beag - Series 2	10	10	Tháinig mo dheartháir	My brother came			
Giota Beag - Series 2	10	10	agus an teaghlach	and the family			
Giota Beag - Series 2	10	10	Tháinig mo chara	My friend came			
Giota Beag - Series 2	10	10	Tháinig mo dheirfiúr	My sister came			
Giota Beag - Series 2	10	10	Rinne mé dearmad	I forgot			
Giota Beag - Series 2	11	11	Thug mé airgead dóibh	I gave them money			
Giota Beag - Series 2	11	11	Chuaigh sé go Londain	He went to London			
Giota Beag - Series 2	11	11	Thug siad cuairt ar an iarsmalann	They visited the museum			
Giota Beag - Series 2	11	11	Chuala siad faoin ghorta	They heard about the famine			
Giota Beag - Series 2	11	11	Chonaic mé Cats	I saw Cats			
Giota Beag - Series 2	11	11	Chuala muid Big Ben	We heard Big Ben			
Giota Beag - Series 2	11	11	Dúirt siad go raibh sé ar fheabhas	They said that it was excellent			
Giota Beag - Series 2	11	11	Chonaic siad Riverdance	They saw Riverdance			
Giota Beag - Series 2	11	11	Ná bac le mac an bhacaigh is ní bhacfaidh mac an bhacaigh leat!	Don't bother with the son of the beggarman and the son of the beggarman won't bother you!			
Giota Beag - Series 2	12	12	Cheannaigh mé bronntanas Nollag	I bought a Christmas present			
Giota Beag - Series 2	12	12	Cad é cheannaigh tú?	What did you buy?			
Giota Beag - Series 2	12	12	Cheannaigh mé geansaí úr	I bought a new jumper			
Giota Beag - Series 2	12	12	Cheannaigh mé Crann Nollag	I bought a Christmas tree			
Giota Beag - Series 2	12	12	Cá mhéad a bhí air?	How much was it?			
Giota Beag - Series 2	12	12	Fuair mé cárta Nollag ó Una	I got a Christmas card from Una			
Giota Beag - Series 2	12	12	An bhfuair?	Did you get?			
Giota Beag - Series 2	12	12	Chuir mé cárta Nollag chuig Séamas	I sent a Christmas card to Séamas			
Giota Beag - Series 2	12	12	Cá bhfuil Oifig an Phoist?	Where is the Post Office?			
Giota Beag - Series 2	12	12	Gabh go dtí barr na sráide agus tiontaigh ar clé	Go to the top of the street and turn left			
Giota Beag - Series 2	12	12	Gabh díreach ar aghaidh agus tá sé ar dheis	Go straight ahead and it's on the right			
Giota Beag - Series 2	12	12	Tá sé os do chomhair	It's opposite you/in front of you			
Giota Beag - Series 2	12	12	Cinnte!	Certainly!			
Giota Beag - Series 2	13	13	Tá sé in aice le Dún Geanainn	It’s near Dungannon			
Giota Beag - Series 2	13	13	Cén sórt tí é?	What kind of house is it?			
Giota Beag - Series 2	13	13	Is bungaló é	It’s a bungalow			
Giota Beag - Series 2	13	13	Is teach sraithe é	It’s a terraced house			
Giota Beag - Series 2	13	13	Is teach leathscoite é	It’s a semi-detached house			
Giota Beag - Series 2	13	13	Is teach scoite é	It’s a detached house			
Giota Beag - Series 2	13	13	Cá mhéad seomra atá ann?	How many rooms are in it?			
Giota Beag - Series 2	13	13	Tá deich seomra ann	There are ten rooms in it			
Giota Beag - Series 2	13	13	Cá mhéad seomra luí atá ann?	How many bedrooms are in it?			
Giota Beag - Series 2	13	13	Tá ceithre sheomra luí ann	There are four bedrooms in it			
Giota Beag - Series 2	13	13	Tá trí sheomra luí thuas staighre..	There are three bedrooms upstairs…			
Giota Beag - Series 2	13	13	..agus seomra luí amháin thíos staighre	..and one bedroom downstairs			
Giota Beag - Series 2	13	13	Cá bhfuil Liam?	Where is Liam?			
Giota Beag - Series 2	13	13	Tá sé sa seomra suí	He is in the sitting room			
Giota Beag - Series 2	13	13	Tá sí sa seomra folctha	She is in the bathroom			
Giota Beag - Series 2	13	13	Tá sé sa ghairdín	He is in the garden			
Giota Beag - Series 2	13	13	Tá sí sa gharáiste	She is in the garage			
Giota Beag - Series 2	13	13	Tá sé sa chistin	He is in the kitchen			
Giota Beag - Series 2	13	13	Tá sí sa seomra luí	She is in the bedroom			
Giota Beag - Series 2	13	13	Níl aon tinteán mar do thinteán féin!	There’s no hearth like your own hearth!			
Giota Beag - Series 2	14	14	Sa chistin	In the kitchen			
Giota Beag - Series 2	14	14	Tá an dinnéar réidh	The dinner is ready			
Giota Beag - Series 2	14	14	A phaistí, tá an tae réidh	Children, the tea is ready			
Giota Beag - Series 2	14	14	An bhfuil an lón réidh?	Is the lunch ready?			
Giota Beag - Series 2	14	14	Tá sé beagnach réidh	It’s nearly ready			
Giota Beag - Series 2	14	14	Suigh síos ag an tábla anois	Sit down at the table now			
Giota Beag - Series 2	14	14	Cuir chugam scian agus forc le do thoil	Pass me a knife and a fork please			
Giota Beag - Series 2	14	14	Cuir chugam pláta le do thoil	Pass me a plate please			
Giota Beag - Series 2	14	14	Cuir chugam gloine le do thoil	Pass me a glass please			
Giota Beag - Series 2	14	14	Seo duit	Here you are			
Giota Beag - Series 2	14	14	Spúnóg	Spoon			
Giota Beag - Series 2	14	14	Salann agus Piobar	Salt and Pepper			
Giota Beag - Series 2	14	14	An t-anlann donn	The brown sauce			
Giota Beag - Series 2	14	14	An t-anlann dearg	The red sauce			
Giota Beag - Series 2	14	14	Ar mhaith leat prátaí?	Would you like some potatoes?			
Giota Beag - Series 2	14	14	Ar mhaith leat tuilleadh pasta?	Would you like some more pasta?			
Giota Beag - Series 2	14	14	Níor mhaith, níl ocras orm	No, I wouldn’t like any, I’m not hungry			
Giota Beag - Series 2	14	14	Ba mhaith, cuid mhór le do thoil	Yes, I’d like a lot please			
Giota Beag - Series 2	14	14	Glasraí	Vegetables			
Giota Beag - Series 2	14	14	Dhá phunt	Two pounds			
Giota Beag - Series 2	14	14	Trí phunt	Three pounds			
Giota Beag - Series 2	14	14	Ceithre phunt	Four pounds			
Giota Beag - Series 2	14	14	Cúig phunt	Five pounds			
Giota Beag - Series 2	14	14	Sé phunt	Six pounds			
Giota Beag - Series 2	14	14	Seacht bpunt	Seven pounds			
Giota Beag - Series 2	14	14	Ocht bpunt	Eight pounds			
Giota Beag - Series 2	14	14	Naoi bpunt	Nine pounds			
Giota Beag - Series 2	14	14	Deich bpunt	Ten pounds			
Giota Beag - Series 2	14	14	Tá mé lán go béal	I’m full up			
Giota Beag - Series 2	14	14	Bhí sin iontach deas	That was very nice			
Giota Beag - Series 2	14	14	Bhí sé sin iontach blasta	That was very tasty			
Giota Beag - Series 2	14	14	Bhí sé sin galánta	That was lovely			
Giota Beag - Series 2	15	15	Caithfidh mé	I have to, I must			
Giota Beag - Series 2	15	15	Caithfidh mé imeacht	I have to go			
Giota Beag - Series 2	15	15	Caithfidh mé dul amach	I have to go out			
Giota Beag - Series 2	15	15	Caithfidh mé dul go dtí an banc	I have to go to the bank			
Giota Beag - Series 2	15	15	Caithfidh mé an dinnéar a dhéanamh	I have to make the dinner			
Giota Beag - Series 2	15	15	Caithfidh mé an lón a dhéanamh	I have to make the lunch			
Giota Beag - Series 2	15	15	Caithfidh mé cúpla rud a dhéanamh	I have to do a couple of things			
Giota Beag - Series 2	15	15	Nollaig Shona duit	Happy Christmas to you			
Giota Beag - Series 3	1	1	Bhain mé sult as an lá.	I enjoyed the day.			
Giota Beag - Series 3	1	1	Mhúscail mé ar a seacht a chlog.	I awoke at seven o’clock.			
Giota Beag - Series 3	1	1	D’ith mé banana agus úll.	I ate a banana and an apple.			
Giota Beag - Series 3	1	1	D’ol mé gloine uisce.	I drank a glass of water.			
Giota Beag - Series 3	1	1	Shiúil mé go dtí an siopa.	I walked to the shop.			
Giota Beag - Series 3	1	1	Cheannaigh mé an nuachtán.	I bought the newspaper.			
Giota Beag - Series 3	1	1	Shuigh mé síos.	I sat down.			
Giota Beag - Series 3	1	1	Léigh mé an nuachtán.	I read the newspaper.			
Giota Beag - Series 3	1	1	D’amharc mé ar an teilifís.	I watched the television.			
Giota Beag - Series 3	1	1	D’éist mé le Giota Beag Eile.	I listened to Giota Beag Eile.			
Giota Beag - Series 3	1	1	D’fhoghlaim mé Gaeilge.	I learnt Irish.			
Giota Beag - Series 3	1	1	ard	tall			
Giota Beag - Series 3	1	1	tanaí	thin			
Giota Beag - Series 3	1	1	Tá mé ard.	I am tall.			
Giota Beag - Series 3	1	1	Tá mé tanaí.	I am thin.			
Giota Beag - Series 3	1	1	cairdiúil	friendly			
Giota Beag - Series 3	1	1	cainteach	chatty			
Giota Beag - Series 3	1	1	dearmadach	forgetful			
Giota Beag - Series 3	1	1	Tá mé cairdiúil.	I am friendly.			
Giota Beag - Series 3	1	1	Tá mé cainteach.	I am chatty.			
Giota Beag - Series 3	1	1	Tá mé cairdiúil.	I am friendly.			
Giota Beag - Series 3	1	1	Sílim go bhfuil mé cairdiúil.	I think that I am friendly.			
Giota Beag - Series 3	1	1	Tá mé cainteach.	I am chatty.			
Giota Beag - Series 3	1	1	Sílim go bhfuil mé cainteach.	I think that I am chatty.			
Giota Beag - Series 3	1	1	Tá mé tuisceanach.	I am understanding.			
Giota Beag - Series 3	1	1	Deirtear go bhfuil mé tuisceanach.	It’s said that I am understanding.			
Giota Beag - Series 3	1	1	Deirtear go bhfuil mé iontach tuisceanach.	It’s said that I’m very understanding.			
Giota Beag - Series 3	1	1	Is binn béal ina thost.	Silence is golden.			
Giota Beag - Series 3	2	2	Agus chomh maith leis sin	And as well as that			
Giota Beag - Series 3	2	2	Ach ar an drochuair	But unfortunately			
Giota Beag - Series 3	2	2	mar	because			
Giota Beag - Series 3	2	2	Níl mé pósta mar tá mé óg.	I’m not married because I’m young.			
Giota Beag - Series 3	2	2	fosta	also, as well			
Giota Beag - Series 3	2	2	Agus rud eile dó	and furthermore / and another thing			
Giota Beag - Series 3	2	2	deoch beag	a wee drink			
Giota Beag - Series 3	2	2	Ná déan dearmad air sin.	Don’t forget about that.			
Giota Beag - Series 3	2	2	Níor bhris focal maith fiacail riamh.	Literally, a good word never broke a tooth.(So it doesn’t hurt to say a kind word about someone!)			
Giota Beag - Series 3	2	2	bean chéile	wife			
Giota Beag - Series 3	2	2	mo bhean chéile	my wife			
Giota Beag - Series 3	2	2	cuidiúil	helpful			
Giota Beag - Series 3	2	2	bríomhar	lively, outgoing, bubbly			
Giota Beag - Series 3	2	2	siúlóidí	walks			
Giota Beag - Series 3	2	2	agus caithfidh mise dul léi!	and I have to go with her!			
Giota Beag - Series 3	2	2	ramhar	fat			
Giota Beag - Series 3	2	2	giota beag ramhar	a little overweight			
Giota Beag - Series 3	2	2	ag siúl amach le	going out with, going steady			
Giota Beag - Series 3	2	2	gealgháireach	cheerful			
Giota Beag - Series 3	2	2	smutach	huffy, moody			
Giota Beag - Series 3	2	2	neamhspleách	independent			
Giota Beag - Series 3	2	2	tarcaisneach	sarcastic			
Giota Beag - Series 3	2	2	ó am go ham	from time to time			
Giota Beag - Series 3	2	2	sean	old			
Giota Beag - Series 3	2	2	níos sine	older			
Giota Beag - Series 3	2	2	is sine	oldest			
Giota Beag - Series 3	3	3	ríomhaire	computer			
Giota Beag - Series 3	3	3	ar an ríomhaire	on the computer			
Giota Beag - Series 3	3	3	ar an idirlíon	on the internet			
Giota Beag - Series 3	3	3	suíomh	site			
Giota Beag - Series 3	3	3	suíomh idirlín	internet site			
Giota Beag - Series 3	3	3	Ponc	dot			
Giota Beag - Series 3	3	3	stríoc chun tosaigh	forward stroke			
Giota Beag - Series 3	3	3	sean	old			
Giota Beag - Series 3	3	3	níos sine	older			
Giota Beag - Series 3	3	3	is sine	oldest			
Giota Beag - Series 3	3	3	óg	young			
Giota Beag - Series 3	3	3	níos óige	younger			
Giota Beag - Series 3	3	3	is óige	youngest			
Giota Beag - Series 3	3	3	an duine is óige	the youngest person, the youngest one			
Giota Beag - Series 3	3	3	an duine is sine	the oldest person, the oldest one			
Giota Beag - Series 3	3	3	fuar	cold			
Giota Beag - Series 3	3	3	níos fuaire	colder			
Giota Beag - Series 3	3	3	te	warm or hot			
Giota Beag - Series 3	3	3	níos teo	warmer			
Giota Beag - Series 3	3	3	luath	early			
Giota Beag - Series 3	3	3	níos luaithe	earlier			
Giota Beag - Series 3	3	3	mall	late			
Giota Beag - Series 3	3	3	níos moille	later			
Giota Beag - Series 3	3	3	Mar a bhíos an cú, bíonn an coileán!				
Giota Beag - Series 3	3	3	Like father, like son. Or, indeed, like mother like daughter!				
Giota Beag - Series 3	4	4	maith	good			
Giota Beag - Series 3	4	4	níos fearr	better			
Giota Beag - Series 3	4	4	is fearr	best			
Giota Beag - Series 3	4	4	olc	bad			
Giota Beag - Series 3	4	4	níos measa	worse			
Giota Beag - Series 3	4	4	is measa	worst			
Giota Beag - Series 3	4	4	beag	small			
Giota Beag - Series 3	4	4	níos lú	smaller			
Giota Beag - Series 3	4	4	is lú	smallest			
Giota Beag - Series 3	4	4	mór	large or big			
Giota Beag - Series 3	4	4	níos mó	bigger			
Giota Beag - Series 3	4	4	is mó	biggest			
Giota Beag - Series 3	4	4	ainmnigh	name			
Giota Beag - Series 3	4	4	contae	county			
Giota Beag - Series 3	4	4	club sacair	soccer club			
Giota Beag - Series 3	4	4	i Sasain	in England			
Giota Beag - Series 3	4	4	in Albain	in Scotland			
Giota Beag - Series 3	4	4	Ainmnigh an contae is mó in Éirinn.	Name the biggest or largest county in Ireland.			
Giota Beag - Series 3	4	4	Agus an freagra, the answer… Corcaigh, Cork.				
Giota Beag - Series 3	4	4	Ainmnigh an contae is lú in Éirinn.	Name the smallest county in Ireland.			
Giota Beag - Series 3	4	4	Agus an freagra, the answer… Contae Lú, County Louth.				
Giota Beag - Series 3	4	4	Ainmnigh an club sacair is fearr i Sasain.				
Giota Beag - Series 3	4	4	Name the best soccer club in England.				
Giota Beag - Series 3	4	4	Ainmnigh an club sacair is fearr in Albain.				
Giota Beag - Series 3	4	4	Name the best soccer club in Scotland.				
Giota Beag - Series 3	4	4	Ainmnigh an club sacair is measa i Sasain.				
Giota Beag - Series 3	4	4	Name the worst soccer club in England.				
Giota Beag - Series 3	4	4	Ainmnigh an club sacair is measa in Albain.				
Giota Beag - Series 3	4	4	Name the worst soccer club in Scotland.				
Giota Beag - Series 3	4	4	Níl aon leigheas ar an ghrá ach pósadh.	There is no cure for love except marriage.			
Giota Beag - Series 3	4	4	leigheas	cure			
Giota Beag - Series 3	4	4	grá	love			
Giota Beag - Series 3	4	4	Is binn béal ina thost.				
Giota Beag - Series 3	4	4	Níor bhris focal maith fiacail riamh.				
Giota Beag - Series 3	4	4	Mar a bhíos an cú, bíonn an coileán.				
Giota Beag - Series 3	4	4	bean chéile	wife			
Giota Beag - Series 3	4	4	deirfiúr	sister			
Giota Beag - Series 3	4	4	mo bhean chéile	my wife			
Giota Beag - Series 3	4	4	mo dheirfiúr	my sister			
Giota Beag - Series 3	4	4	mo phas	my passport			
Giota Beag - Series 3	4	4	do phas	your passport			
Giota Beag - Series 3	4	4	a phas	his passport			
Giota Beag - Series 3	4	4	a pas	her passport			
Giota Beag - Series 3	5	5	liom	with me			
Giota Beag - Series 3	5	5	leat	with you			
Giota Beag - Series 3	5	5	leis	with him			
Giota Beag - Series 3	5	5	léi	with her			
Giota Beag - Series 3	5	5	Ba mhaith liom	I’d like			
Giota Beag - Series 3	5	5	Ba mhaith leat	You’d like			
Giota Beag - Series 3	5	5	Ba mhaith leis	He’d like			
Giota Beag - Series 3	5	5	Ba mhaith léi	She’d like			
Giota Beag - Series 3	5	5	dom	to me			
Giota Beag - Series 3	5	5	duit	to you			
Giota Beag - Series 3	5	5	dó	to him			
Giota Beag - Series 3	5	5	di	to her			
Giota Beag - Series 3	5	5	Tabhair dom an leabhar	Give me the book.			
Giota Beag - Series 3	5	5	Thug mé an leabhar duit	I gave the book to you.			
Giota Beag - Series 3	5	5	Thug mé an leabhar dó	Literally, I gave the book to him.			
Giota Beag - Series 3	5	5	Thug mé an leabhar di	Literally, I gave the book to her.			
Giota Beag - Series 3	5	5	mo	my			
Giota Beag - Series 3	5	5	do	your			
Giota Beag - Series 3	5	5	a	his			
Giota Beag - Series 3	5	5	a	her			
Giota Beag - Series 3	5	5	ár	our			
Giota Beag - Series 3	5	5	bhur	your			
Giota Beag - Series 3	5	5	a	their			
Giota Beag - Series 3	5	5	ár scoil	our school			
Giota Beag - Series 3	5	5	bhur lón	your (plural) lunch			
Giota Beag - Series 3	5	5	a milseáin	their sweets			
Giota Beag - Series 3	6	6	An dtiocfadh leat?	Could you?			
Giota Beag - Series 3	6	6	An dtiocfadh leat gar a dhéanamh?	Could you do a favour?			
Giota Beag - Series 3	6	6	An dtiocfadh leat gar a dhéanamh dom?	Could you do a favour for me?			
Giota Beag - Series 3	6	6	An dtiocfadh leat gar beag a dhéanamh dom?	Could you do a wee favour for me?			
Giota Beag - Series 3	6	6	An dtiocfadh leat an litir seo a chur sa phost	Could you post this letter			
Giota Beag - Series 3	6	6	An dtiocfadh leat mé a thógáil ón bhus?	Could you lift me/collect me from the bus?			
Giota Beag - Series 3	6	6	An dtiocfadh leat mé a thógáil ón siopa?	Could you collect me from the shop			
Giota Beag - Series 3	6	6	An dtiocfadh leat £20 punt a thógáil amach?	Could you take out £20?			
Giota Beag - Series 3	6	6	An dtiocfadh leat scairt a chur ar an gharáiste?	Could you phone the garage?			
Giota Beag - Series 3	6	6	Is fada an bóthar nach mbíonn casadh ann!				
Giota Beag - Series 3	6	6	bóthar	road			
Giota Beag - Series 3	6	6	casadh	a turning or a twist			
Giota Beag - Series 3	6	6	Is fada an bóthar	It’s a long road			
Giota Beag - Series 3	6	6	…nach mbíonn casadh ann	…which doesn’t have a turn or a twist			
Giota Beag - Series 3	6	6	An dtiocfadh leat cúpla gar a dhéanamh dom?	Could you do a couple of favours for me?			
Giota Beag - Series 3	6	6	Thiocfadh	Yes I could			
Giota Beag - Series 3	6	6	Ní thiocfadh	No, I could not			
Giota Beag - Series 3	6	6	Cad é atá ann?	What is it? In this context, what is it - you want me to do			
Giota Beag - Series 3	6	6	Go maire sibh bhur saol úr le chéile	May you live out your new life together.			
Giota Beag - Series 3	6	6	It’s nice to look at it as “May you have good health to live out a long life together.”				
Giota Beag - Series 3	6	6	Bainis	wedding reception			
Giota Beag - Series 3	6	6	Sláinte is fad saoil agaibh, teach ar bhur mian agaibh				
Giota Beag - Series 3	6	6	Talamh gan chíos agaibh, fómhar gach bliain agaibh				
Giota Beag - Series 3	6	6	Leanbh gach bliain agaibh, ón lá seo amach!				
Giota Beag - Series 3	6	6	Good health and long life to you both, a house of your dreams,				
Giota Beag - Series 3	6	6	Land without rent, a harvest each year,				
Giota Beag - Series 3	6	6	A child every year, from this day on!				
Giota Beag - Series 3	6	6	litir	letter			
Giota Beag - Series 3	6	6	an litir seo	this letter			
Giota Beag - Series 3	6	6	doras				
Giota Beag - Series 3	6	6	an doras seo	this door			
Giota Beag - Series 3	6	6	clár	programme			
Giota Beag - Series 3	6	6	an clár seo	this programme			
Giota Beag - Series 3	6	6	cárta	card			
Giota Beag - Series 3	6	6	an cárta seo	this card			
Giota Beag - Series 3	7	7	An dtiocfadh leat gar beag a dhéanamh?	Could you do a wee favour?			
Giota Beag - Series 3	7	7	An dtiocfadh liom gar beag a dhéanamh?	Could I do a wee favour?			
Giota Beag - Series 3	7	7	An dtiocfadh leis gar beag a dhéanamh?	Could he do a wee favour?			
Giota Beag - Series 3	7	7	An dtiocfadh léi gar beag a dhéanamh?	Could she do a wee favour?			
Giota Beag - Series 3	7	7	An dtiocfadh leat gar beag a dhéanamh dom?	Could you do a wee favour for me?			
Giota Beag - Series 3	7	7	An dtiocfadh leat gar beag a dhéanamh dó?	Could you do a wee favour for him?			
Giota Beag - Series 3	7	7	An dtiocfadh leat gar beag a dhéanamh di?	Could you do a wee favour for her?			
Giota Beag - Series 3	7	7	An dtiocfadh liom gar beag a dhéanamh duit?	Could I do a wee favour for you?			
Giota Beag - Series 3	7	7	Is fada an lá.	It is/has been a long time.			
Giota Beag - Series 3	7	7	Ó, is fada.	Indeed it is/has been a long time.			
Giota Beag - Series 3	7	7	Is fada anlá ó d’ith mé pizza!	It’s a long time since I’ve eaten pizza!			
Giota Beag - Series 3	7	7	Is fada an lá ó d’ól mé caife!	It’s a long time since I’ve drunk coffee!			
Giota Beag - Series 3	7	7	D’éirigh liom.	I passed/succeeded.			
Giota Beag - Series 3	7	7	D’éirigh leat.	You passed/succeeded.			
Giota Beag - Series 3	7	7	D’éirigh leis.	He passed/succeeded.			
Giota Beag - Series 3	7	7	D’éirigh léi.	She passed/succeeded.			
Giota Beag - Series 3	7	7	Cad é mar a d’éirigh leat?	How did you get on?			
Giota Beag - Series 3	7	7	Theip orm.	I failed.			
Giota Beag - Series 3	7	7	Theip ort.	You failed.			
Giota Beag - Series 3	7	7	Theip air.	He failed.			
Giota Beag - Series 3	7	7	Theip uirthi.	She failed.			
Giota Beag - Series 3	7	7	Go maire tú é.	May you have good health to enjoy it.			
Giota Beag - Series 3	7	7	Go maire tú é is go gcaithe tú é.	May you have good health to enjoy it and wear it.			
Giota Beag - Series 3	7	7	Go maire tú é is go gcaithe tú é is go stróca tú é.	May you have good health to enjoy it, wear it and tear it.			
Giota Beag - Series 3	7	7	Go maire tú é is go gcaithe tú é is go stróca tú é is go bpósa tú fear ann.	May you have good health to enjoy it, wear it and tear it and marry a man in it.			
Giota Beag - Series 3	7	7	an litir sin	that letter			
Giota Beag - Series 3	7	7	an clár sin	that programme			
Giota Beag - Series 3	7	7	an gúna sin	that dress			
Giota Beag - Series 3	7	7	Cé acu is fearr leat?	Which do you prefer?			
Giota Beag - Series 3	8	8	Cad é do bharúil?	What do you think?			
Giota Beag - Series 3	8	8	An dtiocfadh leat an dinnéar a dhéanamh?	Could make the dinner?			
Giota Beag - Series 3	8	8	an lón	the lunch			
Giota Beag - Series 3	8	8	An dtiocfadh leat an lón a dhéanamh?	Could you make the lunch?			
Giota Beag - Series 3	8	8	an bricfeasta	the breakfast			
Giota Beag - Series 3	8	8	An dtiocfadh leat an bricfeasta a dhéanamh?	Could you make the breakfast?			
Giota Beag - Series 3	8	8	an suipéar	the supper			
Giota Beag - Series 3	8	8	An dtiocfadh leat an suipéar a dhéanamh?	Could you make the supper?			
Giota Beag - Series 3	8	8	Ar mhaith leat?	Would you like?			
Giota Beag - Series 3	8	8	Ar mhaith leat an dinnéar a dhéanamh?	Would you like to make the dinner?			
Giota Beag - Series 3	8	8	Ar mhaith leat an lón a dhéanamh?	Would you like to make the lunch?			
Giota Beag - Series 3	8	8	Ar mhaith leat an bricfeasta a dhéanamh?	Would you like to make the breakfast?			
Giota Beag - Series 3	8	8	Ar mhaith leat dul amach ar shiúlóid?	Would you like to go out for a walk?			
Giota Beag - Series 3	8	8	Ar mhaith leat dul amach anocht?	Would you like to go out tonight?			
Giota Beag - Series 3	8	8	Ar mhaith leat dul chuig an phictiúrlann?	Would you like to go to the cinema?			
Giota Beag - Series 3	8	8	Ar mhaith leat dul amach fá choinne béile anocht?	Would you like to go out for a meal tonight?			
Giota Beag - Series 3	8	8	Ar mhaith leat buidéal fíona a fháil?	Would you like to get a bottle of wine?			
Giota Beag - Series 3	8	8	Ar mhaith leat pizza a fháil?	Would you like to get a pizza?			
Giota Beag - Series 3	8	8	Ar mhaith leat tacsaí a fháil?	Would you like to get a taxi?			
Giota Beag - Series 3	8	8	Ba mhaith	Yes			
Giota Beag - Series 3	8	8	Níor mhaith	No			
Giota Beag - Series 3	8	8	Beidh a cuid féin ag an fharraige	The sea will have its own.			
Giota Beag - Series 3	8	8	eile	another			
Giota Beag - Series 3	8	8	bus eile	another bus			
Giota Beag - Series 3	8	8	briosca eile	another biscuit			
Giota Beag - Series 3	8	8	ceann eile	another one			
Giota Beag - Series 3	8	8	clár eile	another programme			
Giota Beag - Series 3	8	8	gúna eile	another dress			
Giota Beag - Series 3	8	8	Tá mo sháith agam.	I’ve had my fill. / I’ve had enough.			
Giota Beag - Series 3	8	8	rud ar bith eile	anything else			
Giota Beag - Series 3	8	8	Ar mhaith leat briosca?	Would you like a biscuit?			
Giota Beag - Series 3	8	8	Ar mhaith leat ceann eile?	Would you like another one?			
Giota Beag - Series 3	8	8	Níor mhaith, go raibh maith agat. Tá mo sháith agam.	No, thanks. I’ve had enough.			
Giota Beag - Series 3	8	8	Ar mhaith leat cupán eile tae?	Would you like another cup of tea?			
Giota Beag - Series 3	8	8	Ar mhaith leat rud ar bith eile?	Would you like anything else?			
Giota Beag - Series 3	9	9	Cad é mar a d’éirigh leat?	How did you get on?			
Giota Beag - Series 3	9	9	Bain sult as an lá.	Enjoy the day.			
Giota Beag - Series 3	9	9	Éirigh ar a seacht a chlog.	Get up at 7 o’clock.			
Giota Beag - Series 3	9	9	Ith banana agus úll.	Eat a banana and an apple.			
Giota Beag - Series 3	9	9	Ól deoch uisce.	Drink a glass of water.			
Giota Beag - Series 3	9	9	Siúil go dtí an siopa.	Walk to the shop.			
Giota Beag - Series 3	9	9	Ceannaigh an nuachtán.	Buy the paper.			
Giota Beag - Series 3	9	9	Suigh síos.	Sit down.			
Giota Beag - Series 3	9	9	Léigh an nuachtán.	Read the paper.			
Giota Beag - Series 3	9	9	Amharc ar an teilifís.	Watch the TV.			
Giota Beag - Series 3	9	9	Éist le Giota Níos Mó.	Listen to Giota Níos Mó.			
Giota Beag - Series 3	9	9	Bain sult as an lá.	Enjoy the day.			
Giota Beag - Series 3	9	9	Bainim sult as an lá.	I enjoy the day.			
Giota Beag - Series 3	9	9	Éirigh ar a seacht a chlog.	Get up at 7 o’clock.			
Giota Beag - Series 3	9	9	Éirím ar a seacht a chlog.	I get up at 7 o’clock.			
Giota Beag - Series 3	9	9	Ith banana agus ull.	Eat a banana and an apple			
Giota Beag - Series 3	9	9	Ithim banana agus úll gach lá.	I eat a banana and an apple every day.			
Giota Beag - Series 3	9	9	Ól gloine uisce.	Drink a glass of water.			
Giota Beag - Series 3	9	9	Ólaim gloine uisce gach lá.	I drink a glass of water every day.			
Giota Beag - Series 3	9	9	Siúil go dtí an siopa.	Walk to the shop			
Giota Beag - Series 3	9	9	Siúlaim go dtí an siopa	I walk to the shop			
Giota Beag - Series 3	9	9	Ceannaigh an nuachtán	Buy the newspaper.			
Giota Beag - Series 3	9	9	Ceannaím an nuachtán	I buy the newspaper.			
Giota Beag - Series 3	9	9	Suigh síos.	Sit down.			
Giota Beag - Series 3	9	9	Suím síos.	I sit down.			
Giota Beag - Series 3	9	9	Léigh an nuachtán	Read the newspaper.			
Giota Beag - Series 3	9	9	Léim an nuachtán	I read the newspaper.			
Giota Beag - Series 3	9	9	Amharc ar an teilifís.	Watch the television.			
Giota Beag - Series 3	9	9	Amharcaim ar an teilifís.	I watch the television.			
Giota Beag - Series 3	9	9	Éist le Giota Níos Mó.	Listen to Giota Níos Mó.			
Giota Beag - Series 3	9	9	Éistim le Giota Níos Mó gach lá.	I listen to Giota Níos Mó every day.			
Giota Beag - Series 3	9	9	Seanfhocal Chlár 9:				
Giota Beag - Series 3	9	9	Bíonn blas ar an bheagán.	A little bit of food is very tasty.			
Giota Beag - Series 3	9	9	Ba mhaith liom meachán a chailleadh.	I would like to lose weight.			
Giota Beag - Series 3	9	9	bus eile	another bus			
Giota Beag - Series 3	9	9	an bus eile	the other bus			
Giota Beag - Series 3	9	9	briosca eile	another biscuit			
Giota Beag - Series 3	9	9	an briosca eile	the other biscuit			
Giota Beag - Series 3	9	9	ceann eile	another one			
Giota Beag - Series 3	9	9	an ceann eile	the other one			
Giota Beag - Series 3	9	9	an chéad cheann eile	the next one			
Giota Beag - Series 3	9	9	an bus eile	the other bus			
Giota Beag - Series 3	9	9	an chéad bhus eile	the next bus			
Giota Beag - Series 3	9	9	an clár eile	the other programme			
Giota Beag - Series 3	9	9	clár eile	another programme			
Giota Beag - Series 3	9	9	an chéad chlár eile	the next programme			
Giota Beag - Series 3	9	9	an chéad uair eile	the next time			
Giota Beag - Series 3	9	9	an chéad rud eile	the next thing			
Giota Beag - Series 3	10	10	Ithim torthaí.	I eat fruit.			
Giota Beag - Series 3	10	10	Ní ithim seacláid.	I don’t eat chocolate.			
Giota Beag - Series 3	10	10	Ithim glasraí ach ní ithim milseáin.	I eat vegetables but I don’t eat sweets.			
Giota Beag - Series 3	10	10	Ólaim uisce ach ní ólaim caife.	I drink water but I don’t drink coffee.			
Giota Beag - Series 3	10	10	Éistim le ceol ach ní éistim leis an nuacht.	I listen to music but I don’t listen to the news.			
Giota Beag - Series 3	10	10	Amharcaim ar an teilifís ach ní amharcaim ar an nuacht	I watch television but I don’t watch the news.			
Giota Beag - Series 3	10	10	Éirím go luath ar an Satharn ach ní éirím go luath ar an Domhnach.	I get up early on Saturday but I don’t get up early on Sunday.			
Giota Beag - Series 3	10	10	Tuigim.	I understand.			
Giota Beag - Series 3	10	10	Ní thuigim.	I don’t understand.			
Giota Beag - Series 3	10	10	Tuigim ‘Slán’ ach ní thuigim ‘dochreidte’.	I understand ‘goodbye’ but I don’t understand ‘unbelievable’.			
Giota Beag - Series 3	10	10	Tuigim Bríd ag caint Gaeilge ach ní thuigim Hiúdaí ag caint Gaeilge.	I understand Bríd speaking Irish but I don’t understand Hiúdaí speaking Irish.			
Giota Beag - Series 3	10	10	Tuigim ‘Pythagoras’ ach ní thuigim ‘Trigonometry’.	I understand ‘Pythagoras’ but I don’t understand ‘Trigonometry’.			
Giota Beag - Series 3	10	10	Ní thuigim.	I don’t understand.			
Giota Beag - Series 3	10	10	Ní cheannaím.	I don’t buy.			
Giota Beag - Series 3	10	10	Ní shuím.	I don’t sit.			
Giota Beag - Series 3	10	10	Is maith an t-anlann an t-ocras.	Hunger is a great sauce.			
Giota Beag - Series 3	11	11	barraíocht	too much			
Giota Beag - Series 3	11	11	mórán	many			
Giota Beag - Series 3	11	11	go minic	often			
Giota Beag - Series 3	11	11	cuid mhór	a lot			
Giota Beag - Series 3	11	11	níos mó	more			
Giota Beag - Series 3	11	11	níos lú	less			
Giota Beag - Series 3	11	11	a oiread	as much / as many			
Giota Beag - Series 3	11	11	Ghiorsaighe óg,’bhfuil Béarla agat?	Young girl, can you speak English?			
Giota Beag - Series 3	11	11	Leóga, muise, tá!	Indeed, I can!			
Giota Beag - Series 3	11	11	Caidé mar a chuirfeá an madadh amach?	How would you put the dog out?			
Giota Beag - Series 3	11	11		Out the dog awa!!			
Giota Beag - Series 3	11	11	Ithim.	I eat.			
Giota Beag - Series 3	11	11	Itheann tú.	You eat.			
Giota Beag - Series 3	11	11	An itheann tú?	Do you eat?			
Giota Beag - Series 3	11	11	Tuigim.	I understand.			
Giota Beag - Series 3	11	11	Tuigeann tú.	You understand.			
Giota Beag - Series 3	11	11	An dtuigeann tú?	Do you understand?			
Giota Beag - Series 3	11	11	Téim.	I go.			
Giota Beag - Series 3	11	11	An dtéann tú?	Do you go?			
Giota Beag - Series 3	11	11	An bhfuil sé fuar?	Is it cold?			
Giota Beag - Series 3	11	11	Tá. / Níl.	Yes. / No.			
Giota Beag - Series 3	11	11	Déanaim.	I do / make.			
Giota Beag - Series 3	11	11	An ndéanann tú?	Do you do / make?			
Giota Beag - Series 3	11	11	Díolaim as.	I pay for.			
Giota Beag - Series 3	11	11	An ndíolann tú as?	Do you pay for?			
Giota Beag - Series 3	11	11	An dtéann tú chuig an phictiúrlann go minic?	Do you go to the cinema often?			
Giota Beag - Series 3	11	11	An dtéann tú chuig cluiche peile go minic?	Do you go to a football match often?			
Giota Beag - Series 3	11	11	An dtéann tú ag snámh go minic?	Do you go swimming often?			
Giota Beag - Series 3	11	11	An dtéann tú go Béal Feirste go minic?	Do you go to Belfast often?			
Giota Beag - Series 3	11	11	An bhfuil airgead agat?	Do you have money?			
Giota Beag - Series 3	11	11	An ndéanann tú Yoga?	Do you do Yoga?			
Giota Beag - Series 3	11	11	An ndíolann tú as na ranganna?	Do you pay for the classes?			
Giota Beag - Series 3	11	11	An ndéanann tú an dinnéar go minic?	Do you make the dinner often?			
Giota Beag - Series 3	12	12	Creidim.	I believe.			
Giota Beag - Series 3	12	12	Creideann tú.	You believe.			
Giota Beag - Series 3	12	12	An gcreideann tú?	Do you believe?			
Giota Beag - Series 3	12	12	Ceannaím.	I buy.			
Giota Beag - Series 3	12	12	Ceannaíonn tú.	You buy.			
Giota Beag - Series 3	12	12	An gceannaíonn tú?	Do you buy?			
Giota Beag - Series 3	12	12	Bím.	I be.			
Giota Beag - Series 3	12	12	Bíonn tú.	You be.			
Giota Beag - Series 3	12	12	An mbíonn tú? - Do you be?				
Giota Beag - Series 3	12	12	An mbíonn tú ag obair gach Aoine?	Do you work every Friday?			
Giota Beag - Series 3	12	12	An mbíonn tú ag obair gach Satharn?	Do you work every Saturday?			
Giota Beag - Series 3	12	12	ar an Luan	on Mondays			
Giota Beag - Series 3	12	12	ach an Satharn agus an Domhnach	except Saturday and Sunday			
Giota Beag - Series 3	12	12	ag deireadh na seachtaine	at the weekend			
Giota Beag - Series 3	12	12	trí lá gach seachtain	three days every week			
Giota Beag - Series 3	12	12	An nglanann tú an carr gach Aoine?	Do you clean the car every Friday?			
Giota Beag - Series 3	12	12	Glanaim.	I clean.			
Giota Beag - Series 3	12	12	Ní glanaim.	I don’t clean.			
Giota Beag - Series 3	12	12	Glanann tú.	You clean.			
Giota Beag - Series 3	12	12	anois agus arís	now and again			
Giota Beag - Series 3	12	12	na fuinneoga	the windows			
Giota Beag - Series 3	12	12	uair sa mhí	once a month			
Giota Beag - Series 3	12	12	cleachtadh	practice			
Giota Beag - Series 3	12	12	máistreacht	a mastery, perfection			
Giota Beag - Series 3	12	12	Cleachtadh a dhéanann máistreacht.	Practise makes perfect.			
Giota Beag - Series 3	12	12	ár scoil	our school			
Giota Beag - Series 3	12	12	bhur lón	your (pl.) lunch			
Giota Beag - Series 3	12	12	a milseáin	their sweets			
Giota Beag - Series 3	12	12	ár bplátaí	our plates			
Giota Beag - Series 3	12	12	bhur bplátaí	your plates			
Giota Beag - Series 3	12	12	a bplátaí	their plates			
Giota Beag - Series 3	13	13	Glan an tábla.	Clean the table			
Giota Beag - Series 3	13	13	Tá sé glanta.	It’s cleaned.			
Giota Beag - Series 3	13	13	Déan an lón.	Make the lunch.			
Giota Beag - Series 3	13	13	Tá sé déanta.	It’s made.			
Giota Beag - Series 3	13	13	Líon isteach an fhoirm sin.	Fill in that form.			
Giota Beag - Series 3	13	13	Tá sé líonta.	It’s filled in.			
Giota Beag - Series 3	13	13	druid	close			
Giota Beag - Series 3	13	13	druidte	closed			
Giota Beag - Series 3	13	13	oscail	open			
Giota Beag - Series 3	13	13	oscailte	opened			
Giota Beag - Series 3	13	13	léigh	read			
Giota Beag - Series 3	13	13	léite	read			
Giota Beag - Series 3	13	13	caill	lose			
Giota Beag - Series 3	13	13	caillte	lost			
Giota Beag - Series 3	13	13	Tá an siopa sin druidte ach tá an siopa seo go fóill oscailte.	That shop is closed but this shop is still open			
Giota Beag - Series 3	13	13	Close that door please, it’s cold.	It is closed.			
Giota Beag - Series 3	13	13	Oscail an fhuinneog, le do thoil, tá sé iontach te.	Tá sé oscailte.			
Giota Beag - Series 3	13	13	Open the window, please, it’s very warm.	It is open.			
Giota Beag - Series 3	13	13	Tá Bran caillte.	Bran is lost.			
Giota Beag - Series 3	13	13	Tá an leabhar leite.	The book is read.			
Giota Beag - Series 3	13	13	Tá an leabhar léite agam.	I have read the book.			
Giota Beag - Series 3	13	13	croí	heart, dear or love			
Giota Beag - Series 3	13	13	a ghrá	love (when speaking to someone)			
Giota Beag - Series 3	13	13	grá geal mo chroí	the bright love of my heart, my sweetheart			
Giota Beag - Series 3	13	13	mo chroí	my love			
Giota Beag - Series 3	13	13	a ruin	loved one			
Giota Beag - Series 3	13	13	rúin mo chroí	love of my heart			
Giota Beag - Series 3	13	13	a thaiscigh	my dear, darling			
Giota Beag - Series 3	13	13	bris	break			
Giota Beag - Series 3	13	13	briste	broken			
Giota Beag - Series 3	13	13	ith	eat			
Giota Beag - Series 3	13	13	ite	eaten			
Giota Beag - Series 3	13	13	nite	washed			
Giota Beag - Series 3	13	13	thart	over, finished			
Giota Beag - Series 3	13	13	grma can be text for go raibh maith agat	thank you			
Giota Beag - Series 3	13	13	eay can be text for oíche mhaith	goodnight			
Giota Beag - Series 3	13	13	sgf can be text for slán go fóill	goodbye for now			
Giota Beag - Series 3	13	13	ldt can be text for le do thoil	please			
Giota Beag - Series 3	13	13	the letter j can be text for cad é	what			
Giota Beag - Series 3	13	13	the letters an followed by the digit 8, ocht in Irish, can stand for anocht, an8 – tonight				
Giota Beag - Series 3	13	13	kwul2 can be cá bhfuil tú?	where are you?			
Giota Beag - Series 3	13	13	gao can be grá agam ort	love you			
Giota Beag - Series 3	14	14	críochnaigh	finish			
Giota Beag - Series 3	14	14	críochnaigh an crosfhocal sin.	finish that crossword.			
Giota Beag - Series 3	14	14	ceannaigh	buy			
Giota Beag - Series 3	14	14	ceannaigh an nuachtán.	buy the newspaper.			
Giota Beag - Series 3	14	14	cóirigh	arrange or dress			
Giota Beag - Series 3	14	14	cóirigh an leaba	make the bed.			
Giota Beag - Series 3	14	14	ceartaigh	correct			
Giota Beag - Series 3	14	14	ceartaithe	corrected			
Giota Beag - Series 3	14	14	sínigh	sign			
Giota Beag - Series 3	14	14	sínithe	signed			
Giota Beag - Series 3	14	14	roghnaigh	choose			
Giota Beag - Series 3	14	14	roghnaithe	chosen			
Giota Beag - Series 3	14	14	deisigh	repair or fix			
Giota Beag - Series 3	14	14	deisithe	repaired			
Giota Beag - Series 3	14	14	Fuair tú scairt ghutháin; tá do ghuthán póca deisithe.	You got a phone call; your mobile phone is fixed.			
Giota Beag - Series 3	14	14	Roghnaigh an dath is fearr leat.	Choose the colour you prefer.			
Giota Beag - Series 3	14	14	Tá sé roghnaithe agam; gorm.	I have chosen it; blue.			
Giota Beag - Series 3	14	14	Sínigh an nóta scoile sin, le do thoil, a chroí.	Sign that school note, please, love.			
Giota Beag - Series 3	14	14	Tá sé sínithe agam.	I have it signed.			
Giota Beag - Series 3	14	14	Ceartaigh an obair bhaile sin le do thoil.	Correct that homework please.			
Giota Beag - Series 3	14	14	Tá an obair bhaile sin ceartaithe agam.	I have that homework corrected.			
Giota Beag - Series 3	14	14	faoiseamh	relief			
Giota Beag - Series 3	14	14	seal beag gairid	a short little while			
Giota Beag - Series 3	14	14	i measc mo dhaoine	among my people			
Giota Beag - Series 3	14	14	ar oileán mara	on a sea island			
Giota Beag - Series 3	14	14	ag siúl cois cladaigh	walking by the shore			
Giota Beag - Series 3	14	14	maidin is tráthnóna	morning and evening			
Giota Beag - Series 3	14	14	ó Luan go Satharn	from Monday to Saturday			
Giota Beag - Series 3	14	14	thiar ag baile	back at home, in the west			
Giota Beag - Series 3	14	14	ó chrá croí	from heart ache			
Giota Beag - Series 3	14	14	ó bhuairt aigne	from anxiety and work			
Giota Beag - Series 3	14	14	ó uaigneas duairc	from dark loneliness			
Giota Beag - Series 3	14	14	ó chaint ghontach	from hurtful talk			
Giota Beag - Series 3	14	14	An bhfuil an leabhar sin léite agat?	Have you read that book?			
Giota Beag - Series 3	14	14	Tá an leabhar sin léite aige.	He has read that book.			
Giota Beag - Series 3	14	14	Tá an leabhar sin léite aici.	She has read that book.			
Giota Beag - Series 3	14	14	Tá an leabhar sin léite againn	We have read that book.			
Giota Beag - Series 3	14	14	Tá an leabhar sin léite agaibh	You (pl) have read that book.			
Giota Beag - Series 3	14	14	Tá an leabhar sin léite acu	They have read that book.			
Giota Beag - Series 3	14	14	Och och mo mhadadh beag	Aw, my wee dog			
Giota Beag - Series 3	14	14	tá piachán i mo sceadamán	I am hoarse			
Giota Beag - Series 3	14	14	ag scairtigh ar mo mhadadh beag.	calling my wee dog.			
Giota Beag - Series 3	14	14	Luím ar mo leabaidh	I lie in my bed			
Giota Beag - Series 3	14	14	‘gus ní chodlaím aon néal go maidin	and I don’t sleep a wink			
Giota Beag - Series 3	14	14	ach ag meabhrú ar mo mhadadh beag	thinking of my wee dog			
Giota Beag - Series 3	14	14	a d’imigh uaim sa scarthanaigh.	who left me at daybreak.			
Giota Beag - Series 3	15	15	Bain sult as an lá.	Enjoy the day.			
Giota Beag - Series 3	15	15	Bainfidh mé sult as an lá.	I will enjoy the day. Bainfidh mé sult as an lá.			
Giota Beag - Series 3	15	15	Ól gloine uisce	Drink a glass of water.			
Giota Beag - Series 3	15	15	Ólfaidh mé gloine uisce.	I will drink a glass of water.			
Giota Beag - Series 3	15	15	Siúil go dtí an siopa.	Walk to the shop.			
Giota Beag - Series 3	15	15	Siúlfaidh mé go dtí an siopa.	I will walk to the shop.			
Giota Beag - Series 3	15	15	Suigh síos.	Sit down.			
Giota Beag - Series 3	15	15	Suífidh mé síos.	I will sit down.			
Giota Beag - Series 3	15	15	Léigh an nuachtán.	Read the newspaper.			
Giota Beag - Series 3	15	15	Léifidh mé an nuachtán.	I will read the newspaper.			
Giota Beag - Series 3	15	15	Amharc ar an teilifís.	Watch the television.			
Giota Beag - Series 3	15	15	Amharcfaidh mé ar an teilifís.	I will watch the television.			
Giota Beag - Series 3	15	15	Éist le Giota Níos Mó	Listen to Giota Níos Mó.			
Giota Beag - Series 3	15	15	Éistfidh mé le GNM gach lá.	I will listen to Giota Níos Mó every day.			
Giota Beag - Series 3	15	15	an carr s’agam	my car			
Giota Beag - Series 3	15	15	an carr s’agat	your car			
Giota Beag - Series 3	15	15	an carr s’aige	his car			
Giota Beag - Series 3	15	15	an carr s’aici	her car			
Giota Beag - Series 3	15	15	an carr s’againn	our car			
Giota Beag - Series 3	15	15	an carr s’agaibh	your (pl.) car			
Giota Beag - Series 3	15	15	an carr s’acu	their car			
Giota Beag - Series 3	15	15	Chífidh mé.	I will see.			
Giota Beag - Series 3	15	15	Chífidh mé thú.	I will see you.			
Giota Beag - Series 3	15	15	Déanfaidh mé.	I will do.			
Giota Beag - Series 3	15	15	Déanfaidh mé sin amárach.	I will do that tomorrow.			
Giota Beag - Series 3	15	15	Rachaidh mé.	I will go.			
Giota Beag - Series 3	15	15	Rachaidh mé ar ais amárach.	I will go back tomorrow.			
Giota Beag - Series 3	15	15	Scairtfidh mé.	I will call/shout.			
Giota Beag - Series 3	15	15	Scairtfidh mé ort amárach.	I will phone you tomorrow.			
Giota Beag - Series 3	15	15	An rachaidh tú?	Will you go?			
Giota Beag - Series 3	15	15	An rachaidh tú amach anocht?	Will you go out tonight?			
Giota Beag - Series 3	15	15	Ní rachaidh	No, I will not go out.			
Giota Beag - Series 3	15	15	Níl mé cinnte an rachaidh nó nach rachaidh.	I’m not sure if I’ll go or not.			
Giota Beag - Series 3	15	15	Mol an óige is tiocfaidh sí.	Praise the youth and it will come / they will blossom.			
